{
	"$schema": "https://schema.management.azure.com/schemas/0.1.2-preview/CreateUIDefinition.MultiVm.json#",
	"handler": "Microsoft.Compute.MultiVm",
	"version": "0.1.2-preview",
	"parameters": {
		"basics": [{
			"name": "adminUsername",
			"type": "Microsoft.Compute.UserNameTextBox",
			"label": "VM Admin User Name",
			"defaultValue": "clusteradmin",
			"toolTip": "The name of the Admin User for initial SSH access to all OCP Nodes.",
			"constraints": {
				"required": true,
				"regex": "^[a-z0-9A-Z-]{1,31}$",
				"validationMessage": "Only alphanumeric characters and dashes are allowed, and the value must be 1-31 characters long."
			},
			"osPlatform": "Linux"
		}, {
			"name": "adminPassword",
			"type": "Microsoft.Compute.CredentialsCombo",
			"label": {
				"authenticationType": "Authentication Type",
				"password": "Password",
				"confirmPassword": "Confirm password",
				"sshPublicKey": "SSH Public Key for VM Admin User"
			},
			"toolTip": {
				"authenticationType": "Authentication type",
				"password": "Password",
				"sshPublicKey": "SSH Public Key for the VM Admin User. Corresponds to the Private Key in the Key Vault that was configured as part of the pre-work."
			},
			"constraints": {
				"required": true
			},
			"options": {
				"hideConfirmation": false,
				"hidePassword": true
			},
			"osPlatform": "Linux"
		}],
		"steps": [{
			"name": "infrastructureSettings",
			"label": "Infrastructure Settings",
			"subLabel": {
				"preValidation": "Configure Infrastructure Settings",
				"postValidation": "Done"
			},
			"bladeTitle": "Infrastructure Settings",
			"elements": [{
				"name": "openshiftClusterPrefix",
				"type": "Microsoft.Common.TextBox",
				"label": "OCP Cluster Name Prefix",
				"defaultValue": "ocpcluster",
				"toolTip": "The Prefix for the name of the OCP Nodes. Must be between 1 and 20 characters.",
				"constraints": {
					"required": true,
					"regex": "^[a-z0-9A-Z]{1,20}$",
					"validationMessage": "Only alphanumeric characters are allowed, and the value must be 1-20 characters long."
				}
			}, {
				"name": "masterVmSize",
				"type": "Microsoft.Compute.SizeSelector",
				"label": "Master Node Size",
				"toolTip": "The size of management nodes deployed in the OpenShift cluster.",
				"recommendedSizes": [
					"Standard_D4s_v3",
					"Standard_D2s_v3",
					"Standard_E2s_v3",
					"Standard_E4s_v3"
				],
				"constraints": {
					"allowedSizes": [
						"Standard_D2s_v3",
						"Standard_D4s_v3",
						"Standard_E2s_v3",
						"Standard_E4s_v3"
					]
				},
				"options": {
					"hideDiskTypeFilter": true
				},
				"osPlatform": "Linux",
				"imageReference": {
					"publisher": "redhat",
					"offer": "rhel-ocp-marketplace",
					"sku": "rhel75"
				},
				"count": "3",
				"visible": true
			}, {
				"name": "infraVmSize",
				"type": "Microsoft.Compute.SizeSelector",
				"label": "Infrastructure Node Size",
				"toolTip": "The size of infrastructure nodes deployed in the OpenShift cluster.",
				"recommendedSizes": [
					"Standard_E2s_v3",
					"Standard_E4s_v3",
					"Standard_D2s_v3",
					"Standard_D4s_v3",
					"Standard_D8s_v3"
				],
				"constraints": {
					"allowedSizes": [
						"Standard_E2s_v3",
						"Standard_E4s_v3",
						"Standard_D2s_v3",
						"Standard_D4s_v3",
						"Standard_D8s_v3"
					]
				},
				"options": {
					"hideDiskTypeFilter": true
				},
				"osPlatform": "Linux",
				"imageReference": {
					"publisher": "redhat",
					"offer": "rhel-ocp-marketplace",
					"sku": "rhel75"
				},
				"count": "3",
				"visible": true
			}, {
				"name": "nodeInstanceCount",
				"type": "Microsoft.Common.TextBox",
				"label": "Number of Application Nodes",
				"defaultValue": 2,
				"toolTip": "Select number of Application Nodes to be created in the OpenShift cluster",
				"constraints": {
					"regex": "^[1-9]$",
					"required": "true",
					"validationMessage": "Select a number between one and nine for the number of application nodes. More can be added after the cluster is created."
				}
			}, {
				"name": "nodeVmSize",
				"type": "Microsoft.Compute.SizeSelector",
				"label": "Application Node Size",
				"toolTip": "The size of nodes deployed to run applications in the OpenShift cluster.",
				"recommendedSizes": [
					"Standard_D2s_v3",
					"Standard_D4s_v3",
					"Standard_E4s_v3",
					"Standard_E16s_v3",
					"Standard_F4s",
					"Standard_F16s"
				],
				"constraints": {
					"allowedSizes": [
						"Standard_D2s_v3",
						"Standard_D4s_v3",
						"Standard_E4s_v3",
						"Standard_E16s_v3",
						"Standard_F4s",
						"Standard_F16s"
					]
				},
				"options": {
					"hideDiskTypeFilter": true
				},
				"osPlatform": "Linux",
				"imageReference": {
					"publisher": "redhat",
					"offer": "rhel-ocp-marketplace",
					"sku": "rhel75"
				},
				"count": "[steps('infrastructureSettings').nodeInstanceCount]",
				"visible": true
			}, {
				"name": "bastionVmSize",
				"type": "Microsoft.Compute.SizeSelector",
				"label": "Bastion Host Size",
				"toolTip": "The size of bastion host used to access and deploy the OpenShift cluster.",
				"recommendedSizes": [
					"Standard_DS2_v2",
					"Standard_D2s_v3"
				],
				"constraints": {
					"allowedSizes": [
						"Standard_DS2_v2",
						"Standard_D2s_v3"
					]
				},
				"options": {
					"hideDiskTypeFilter": true
				},
				"osPlatform": "Linux",
				"imageReference": {
					"publisher": "redhat",
					"offer": "rhel-ocp-marketplace",
					"sku": "rhel75"
				},
				"count": "1",
				"visible": true
			}, {
				"name": "virtualNetworkNewOrExisting",
				"type": "Microsoft.Common.OptionsGroup",
				"label": "New or Existing Virtual Network",
				"defaultValue": "Default (New)",
				"toolTip": "By defaut new will bet setup with subnets in the 10.0.0.0/14 range. If you chose existing you will need to have both the name of the existing Virtual Network and the resource group it is in.",
				"constraints": {
					"allowedValues": [
						{
						"label": "Default (New)",
						"value": "new"
						},
						{
						"label": "Existing",
						"value": "existing"
						}
					]
				}
			}, {
				"name": "virtualNetworkName",
				"type": "Microsoft.Common.TextBox",
				"label": "Existing Virtual Network Name",
				"constraints": {
					"required": "[equals(steps('infrastructureSettings').virtualNetworkNewOrExisting, 'existing')]",
					"regex": "^[a-z0-9A-Z-_]{1,90}$",
					"validationMessage": "Only alphanumeric characters, underscores, and dashes are allowed."
				},
				"visible": "[equals(steps('infrastructureSettings').virtualNetworkNewOrExisting, 'existing')]"
			}, {
				"name": "masterSubnetName",
				"type": "Microsoft.Common.TextBox",
				"label": "Subnet name for master nodes",
				"toolTip": "The subnet which will be used to host the master nodes within the existing Virtual Network.",
				"constraints": {
					"required": "[equals(steps('infrastructureSettings').virtualNetworkNewOrExisting, 'existing')]",
					"regex": "^[a-z0-9A-Z-_]{1,90}$",
					"validationMessage": "Only alphanumeric characters, underscores, and dashes are allowed."
				},
				"visible": "[equals(steps('infrastructureSettings').virtualNetworkNewOrExisting, 'existing')]"
			}, {
				"name": "infraSubnetName",
				"type": "Microsoft.Common.TextBox",
				"label": "Subnet name for infra nodes",
				"toolTip": "The subnet which will be used to host the infrastructure nodes within the existing Virtual Network.",
				"constraints": {
					"required": "[equals(steps('infrastructureSettings').virtualNetworkNewOrExisting, 'existing')]",
					"regex": "^[a-z0-9A-Z-_]{1,90}$",
					"validationMessage": "Only alphanumeric characters, underscores, and dashes are allowed."
				},
				"visible": "[equals(steps('infrastructureSettings').virtualNetworkNewOrExisting, 'existing')]"
			}, {
				"name": "nodeSubnetName",
				"type": "Microsoft.Common.TextBox",
				"label": "Subnet name for compute and cns nodes",
				"toolTip": "The subnet which will be used to host the compute and cns nodes within the existing Virtual Network.",
				"constraints": {
					"required": "[equals(steps('infrastructureSettings').virtualNetworkNewOrExisting, 'existing')]",
					"regex": "^[a-z0-9A-Z-_]{1,90}$",
					"validationMessage": "Only alphanumeric characters, underscores, and dashes are allowed."
				},
				"visible": "[equals(steps('infrastructureSettings').virtualNetworkNewOrExisting, 'existing')]"
			}, {
				"name": "virtualNetworkResourceGroupName",
				"type": "Microsoft.Common.TextBox",
				"label": "Resource Group for existing Virtual Network",
				"toolTip": "The resource group where the existing virtual network resides.",
				"constraints": {
					"required": "[equals(steps('infrastructureSettings').virtualNetworkNewOrExisting, 'existing')]",
					"regex": "^[a-z0-9A-Z-_]{1,90}$",
					"validationMessage": "Only alphanumeric characters, underscores, and dashes are allowed."
				},
				"visible": "[equals(steps('infrastructureSettings').virtualNetworkNewOrExisting, 'existing')]"
			}, {
				"name": "customIPrange",
				"type": "Microsoft.Common.OptionsGroup",
				"label": "Choose Default CIDR Settings or customize IP Range (CIDR)",
				"defaultValue": "Default Settings",
				"toolTip": "Default Settings will create vNet with CIDR of 10.0.0.0/14, master subnet with 10.1.0.0/16, infra subnet with 10.2.0.0/16, and compute and cns subnet with 10.3.0.0/16",
				"constraints": {
					"allowedValues": [
						{
						"label": "Default Settings",
						"value": "false"
						},
						{
						"label": "Custom IP Range",
						"value": "true"
						}
					]
				},
				"visible": "[equals(steps('infrastructureSettings').virtualNetworkNewOrExisting, 'new')]"
			}, {
				"name": "addressPrefixes",
				"type": "Microsoft.Common.TextBox",
				"label": "Address Range for the Virtual Network (default is 10.0.0.0/14)",
				"toolTip": "Has to be an RFC 1918 address and will contain the master and node subnets.",
				"constraints": {
					"required": "[equals(steps('infrastructureSettings').customIPrange, 'true')]",
					"regex": "^1[079][2]{0,1}.[0-9]{1,3}.[0-9]{1,3}.[0-9]{1,3}/[1-2]{0,1}[0-9]{1}$",
					"validationMessage": "Has to be an RFC 1918 address."
				},
				"visible": "[equals(steps('infrastructureSettings').customIPrange, 'true')]"
			}, {
				"name": "masterSubnetPrefix",
				"type": "Microsoft.Common.TextBox",
				"label": "Address Range for the subnet containing the master nodes (default is 10.1.0.0/16)",
				"toolTip": "Needs to contain at least 16 IP addresses and follow RFC 1918.",
				"constraints": {
					"required": "[equals(steps('infrastructureSettings').customIPrange, 'true')]",
					"regex": "^1[079][2]{0,1}.[0-9]{1,3}.[0-9]{1,3}.[0-9]{1,3}/[1-2]{0,1}[0-9]{1}$",
					"validationMessage": "Has to be an RFC 1918 address."
				},
				"visible": "[equals(steps('infrastructureSettings').customIPrange, 'true')]"
			}, {
				"name": "infraSubnetPrefix",
				"type": "Microsoft.Common.TextBox",
				"label": "Address Range for the subnet containing the infrastructure nodes (default is 10.2.0.0/16)",
				"toolTip": "Needs to contain at least 32 IP addresses and follow RFC 1918.",
				"constraints": {
					"required": "[equals(steps('infrastructureSettings').customIPrange, 'true')]",
					"regex": "^1[079][2]{0,1}.[0-9]{1,3}.[0-9]{1,3}.[0-9]{1,3}/[1-2]{0,1}[0-9]{1}$",
					"validationMessage": "Has to be an RFC 1918 address."
				},
				"visible": "[equals(steps('infrastructureSettings').customIPrange, 'true')]"
			}, {
				"name": "nodeSubnetPrefix",
				"type": "Microsoft.Common.TextBox",
				"label": "Address Range for the subnet containing the compute and cns nodes (default is 10.3.0.0/16)",
				"toolTip": "Needs to contain at least 32 IP addresses and follow RFC 1918.",
				"constraints": {
					"required": "[equals(steps('infrastructureSettings').customIPrange, 'true')]",
					"regex": "^1[079][2]{0,1}.[0-9]{1,3}.[0-9]{1,3}.[0-9]{1,3}/[1-2]{0,1}[0-9]{1}$",
					"validationMessage": "Has to be an RFC 1918 address."
				},
				"visible": "[equals(steps('infrastructureSettings').customIPrange, 'true')]"
			}, {
				"name": "keyVaultResourceGroup",
				"type": "Microsoft.Common.TextBox",
				"label": "Key Vault Resource Group Name",
				"toolTip": "Name of the Resource Group that contains the Key Vault used to store the Private Key.",
				"constraints": {
					"required": true,
					"regex": "^[a-z0-9A-Z-_]{1,90}$",
					"validationMessage": "Only alphanumeric characters, underscores, and dashes are allowed."
				}
			}, {
				"name": "keyVaultName",
				"type": "Microsoft.Common.TextBox",
				"label": "Key Vault Name",
				"toolTip": "Name of the Key Vault that contains the Secret used to store the Private Key.",
				"constraints": {
					"required": true,
					"regex": "^[a-z0-9A-Z-]{3,24}$",
					"validationMessage": "Only alphanumeric characters and dashes are allowed, and has to be between 3 and 24 characters."
				}
			}, {
				"name": "keyVaultSecret",
				"type": "Microsoft.Common.TextBox",
				"label": "Secret Name",
				"toolTip": "Name of the Secret that contains the Private Key.",
				"constraints": {
					"required": true,
					"regex": "^[a-z0-9A-Z-]{1,127}$",
					"validationMessage": "Only alphanumeric characters and dashes are allowed."
				}
			}]
		}, {
			"name": "openShiftSettings",
			"label": "OpenShift Container Platform Settings",
			"subLabel": {
				"preValidation": "Configure OpenShift Container Platform Settings",
				"postValidation": "Done"
			},
			"bladeTitle": "OpenShift Container Platform Settings",
			"elements": [{
				"name": "openshiftPassword",
				"type": "Microsoft.Common.PasswordBox",
				"label": {
					"password": "OpenShift Admin User Password",
					"confirmPassword": "Confirm OpenShift Admin User Password"
				},
				"toolTip": "Password for the OpenShift Admin User - not the VM Admin User.",
				"constraints": {
					"required": true
				},
				"options": {
					"hideConfirmation": false
				}
			}, {
				"name": "rhsmUsername",
				"type": "Microsoft.Common.TextBox",
				"label": "Red Hat Subscription Manager User Name",
				"toolTip": "User Name to access your Red Hat Subscription - access.redhat.com. This is used to register the RHEL instance to your subscription and will not be stored by Microsoft or Red Hat.",
				"constraints": {
					"required": true,
					"regex":"^[a-z0-9A-Z-_.@]{5,}$",
					"validationMessage": "Red Hat Subscription usernames need to be 5 or more characters."
				}
			}, {
				"name": "rhsmPassword",
				"type": "Microsoft.Common.PasswordBox",
				"label": {
					"password": "Red Hat Subscription Manager User Password",
					"confirmPassword": "Confirm Password"
				},
				"toolTip": "Password to access your Red Hat Subscription - access.redhat.com. This is used to register the RHEL instance to your subscription and will not be stored by Microsoft or Red Hat.",
				"constraints": {
					"required": true
				},
				"options": {
					"hideConfirmation": true
				}
			}, {
				"name": "rhsmPoolId",
				"type": "Microsoft.Common.TextBox",
				"label": "Red Hat Subscription Manager OpenShift Pool ID",
				"toolTip": "The Pool ID that contains OpenShift Container Platform entitlement. Ensure you have enough entitlements of OpenShift Container Platform for the installation of the cluster.",
				"constraints": {
					"required": true,
					"regex": "^[a-fA-F0-9]{1,64}$",
					"validationMessage": "Pool IDs can only contain hexadecimal values."
				}
			}, {
				"name": "rhsmBrokerPoolId",
				"type": "Microsoft.Common.TextBox",
				"label": "Red Hat Subscription Manager OpenShift Pool ID for Broker / Master Nodes",
				"toolTip": "Red Hat Subscription Manager Pool ID with OpenShift entitlements for Broker / Master Nodes. If not using this, enter the Pool ID for Application Nodes. To find it, run on registered server: subscription-manager list",
				"constraints": {
					"required": true,
					"regex": "^[a-fA-F0-9]{1,64}$",
					"validationMessage": "Pool IDs can only contain hexadecimal values."
				}
			}, {
				"name": "enableAzure",
				"type": "Microsoft.Common.OptionsGroup",
				"label": "Configure Azure Cloud Provider",
				"defaultValue": "Yes",
				"toolTip": "Configure OpenShift to use Azure Cloud Provider. Necessary if using Azure disk attach for persistent volumes.",
				"constraints": {
					"allowedValues": [
						{
						"label": "Yes",
						"value": "true"
						},
						{
						"label": "No",
						"value": "false"
						}
					]
				}
			}, {
				"name": "aadClientId",
				"type": "Microsoft.Common.TextBox",
				"label": "Azure AD Service Principal Client ID GUID",
				"toolTip": "Azure AD Service Principal Client ID GUID - also known as AppID.",
				"constraints": {
					"required": "[equals(steps('openShiftSettings').enableAzure, 'true')]",
					"regex": "^[A-Za-z0-9]{8}-[A-Za-z0-9]{4}-[A-Za-z0-9]{4}-[A-Za-z0-9]{4}-[A-Za-z0-9]{12}$",
					"validationMessage": "Must be a valid GUID."
				},
				"visible": "[equals(steps('openShiftSettings').enableAzure, 'true')]"
			}, {
				"name": "aadClientSecret",
				"type": "Microsoft.Common.PasswordBox",
				"label": {
					"password": "Azure AD Service Principal Client ID Secret",
					"confirmPassword": "Confirm Password"
				},
				"toolTip": "Azure AD Service Principal Client ID Secret.",
				"constraints": {
					"required": "[equals(steps('openShiftSettings').enableAzure, 'true')]"
				},
				"options": {
					"hideConfirmation": true
				},
				"visible": "[equals(steps('openShiftSettings').enableAzure, 'true')]"
			}]
		}, {
			"name": "additionalSettings",
			"label": "Additional Settings",
			"subLabel": {
				"preValidation": "Additional Settings",
				"postValidation": "Done"
			},
			"bladeTitle": "Additional Settings",
			"elements": [{
				"name": "enableCNS",
				"type": "Microsoft.Common.OptionsGroup",
				"label": "Configure Container Native Storage (CNS)",
				"defaultValue": "No",
				"toolTip": "Installs CNS in the OpenShift cluster and enable it as storage. Will be default if Azure Provider is disabled.",
				"constraints": {
					"allowedValues": [
						{
						"label": "Yes",
						"value": "true"
						},
						{
						"label": "No",
						"value": "false"
						}
					]
				}
			}, {
				"name": "cnsVmSize",
				"type": "Microsoft.Compute.SizeSelector",
				"label": "CNS Node Size",
				"toolTip": "The size of nodes used to host Cloud Native Storage in the OpenShift cluster.",
				"recommendedSizes": [
					"Standard_E2s_v3",
					"Standard_D4s_v3",
					"Standard_E4s_v3",
					"Standard_D2s_v3",
					"Standard_D8s_v3"
				],
				"constraints": {
					"allowedSizes": [
						"Standard_E2s_v3",
						"Standard_E4s_v3",
						"Standard_D2s_v3",
						"Standard_D4s_v3",
						"Standard_D8s_v3"
					]
				},
				"options": {
					"hideDiskTypeFilter": true
				},
				"osPlatform": "Linux",
				"imageReference": {
					"publisher": "redhat",
					"offer": "rhel-ocp-marketplace",
					"sku": "rhel75"
				},
				"count": "3",
				"visible": "[equals(steps('additionalSettings').enableCNS, 'true')]"
			}, {
				"name": "enableLogging",
				"type": "Microsoft.Common.OptionsGroup",
				"label": "Configure Cluster Logging",
				"defaultValue": "No",
				"toolTip": "Installs Logging functionality into the cluster.",
				"constraints": {
					"allowedValues": [
						{
						"label": "Yes",
						"value": "true"
						},
						{
						"label": "No",
						"value": "false"
						}
					]
				}
			}, {
				"name": "enableMetrics",
				"type": "Microsoft.Common.OptionsGroup",
				"label": "Configure Metrics for the Cluster",
				"defaultValue": "No",
				"toolTip": "Installs metrics into the OpenShift cluster.",
				"constraints": {
					"allowedValues": [
						{
						"label": "Yes",
						"value": "true"
						},
						{
						"label": "No",
						"value": "false"
						}
					]
				}
			}, {
				"name": "routingSubDomainType",
				"type": "Microsoft.Common.DropDown",
				"label": "Default Router Subdomain",
				"toolTip": "Select nipio for testing or custom to enter your own subdomain for production.",
				"defaultValue": "nipio",
				"constraints": {
					"allowedValues": [{
						"label": "nipio",
						"value": "nipio"
					}, {
						"label": "custom",
						"value": "custom"
					}]
				}
			}, {
				"name": "routingSubDomain",
				"type": "Microsoft.Common.TextBox",
				"label": "Enter your custom subdomain",
				"toolTip": "The custom subdomain to expose applications.",
				"constraints": {
					"regex": "^([A-z0-9]+(-[A-z0-9]+)*\\.)+[a-z]{2,}$",
					"required": true,
					"validationMessage": "Must be a valid domain name."
				},
				"visible": "[equals(steps('additionalSettings').routingSubDomainType, 'custom')]"
			}]
		}],
		"outputs": {
			"location": "[location()]",
			"sshPublicKey": "[basics('adminPassword').sshPublicKey]",
			"bastionVmSize": "[steps('infrastructureSettings').masterVmSize]",
			"cnsVmSize": "[steps('infrastructureSettings').masterVmSize]",
			"infraVmSize": "[steps('infrastructureSettings').masterVmSize]",
			"masterVmSize": "[steps('infrastructureSettings').infraVmSize]",
			"nodeInstanceCount": "[int(steps('infrastructureSettings').nodeInstanceCount)]",
			"nodeVmSize": "[steps('infrastructureSettings').nodeVmSize]",
			"openshiftClusterPrefix": "[steps('infrastructureSettings').openshiftClusterPrefix]",
			"keyVaultResourceGroup": "[steps('infrastructureSettings').keyVaultResourceGroup]",
			"keyVaultName": "[steps('infrastructureSettings').keyVaultName]",
			"keyVaultSecret": "[steps('infrastructureSettings').keyVaultSecret]",
			"adminUsername": "[basics('adminUsername')]",
			"openshiftPassword": "[steps('openShiftSettings').openshiftPassword]",
			"rhsmUsernameOrOrgId": "[steps('openShiftSettings').rhsmUsername]",
			"rhsmPasswordOrActivationKey": "[steps('openShiftSettings').rhsmPassword]",
			"rhsmPoolId": "[steps('openShiftSettings').rhsmPoolId]",
			"rhsmBrokerPoolId": "[steps('openShiftSettings').rhsmBrokerPoolId]",
			"enableAzure": "[steps('openShiftSettings').enableAzure]",
			"aadClientId": "[steps('openShiftSettings').aadClientId]",
			"aadClientSecret": "[steps('openShiftSettings').aadClientSecret]",
			"enableCNS": "[steps('additionalSettings').enableCNS]",
			"enableLogging": "[steps('additionalSettings').enableLogging]",
			"enableMetrics": "[steps('additionalSettings').enableMetrics]",
			"routingSubDomainType": "[steps('additionalSettings').routingSubDomainType]",
			"routingSubDomain": "[steps('additionalSettings').routingSubDomain]",
			"virtualNetworkNewOrExisting": "[steps('infrastructureSettings').virtualNetworkNewOrExisting]",
			"virtualNetworkResourceGroupName": "[steps('infrastructureSettings').virtualNetworkResourceGroupName]",
			"virtualNetworkName": "[steps('infrastructureSettings').virtualNetworkName]",
			"addressPrefixes": "[steps('infrastructureSettings').addressPrefixes]",
			"masterSubnetPrefix": "[steps('infrastructureSettings').masterSubnetPrefix]",
			"masterSubnetName": "[steps('infrastructureSettings').masterSubnetName]",
			"infraSubnetPrefix": "[steps('infrastructureSettings').infraSubnetPrefix]",
			"infraSubnetName": "[steps('infrastructureSettings').infraSubnetName]",
			"nodeSubnetPrefix": "[steps('infrastructureSettings').nodeSubnetPrefix]",
			"nodeSubnetName": "[steps('infrastructureSettings').nodeSubnetName]",
			"existingMasterSubnetReference": "[steps('infrastructureSettings').virtualNetworkNewOrExisting]",
			"existingInfraSubnetReference": "[steps('infrastructureSettings').virtualNetworkNewOrExisting]",
			"existingCnsSubnetReference": "[steps('infrastructureSettings').virtualNetworkNewOrExisting]",
			"existingNodeSubnetReference": "[steps('infrastructureSettings').virtualNetworkNewOrExisting]"
		}
	}
}
